id,label,name,path
0,1330,Desmon_Farmer,/Volumes/ML/lfw/Desmon_Farmer/Desmon_Farmer_0001.jpg
1,297,Angel_Lockward,/Volumes/ML/lfw/Angel_Lockward/Angel_Lockward_0001.jpg
2,2890,Juan_Ignacio_Chela,/Volumes/ML/lfw/Juan_Ignacio_Chela/Juan_Ignacio_Chela_0001.jpg
3,3119,Kirsten_Clark,/Volumes/ML/lfw/Kirsten_Clark/Kirsten_Clark_0001.jpg
4,3110,King_Abdullah_II,/Volumes/ML/lfw/King_Abdullah_II/King_Abdullah_II_0002.jpg
5,5356,Tim_Allen,/Volumes/ML/lfw/Tim_Allen/Tim_Allen_0001.jpg
6,4452,Qais_al-Kazali,/Volumes/ML/lfw/Qais_al-Kazali/Qais_al-Kazali_0001.jpg
7,681,Brian_Cowen,/Volumes/ML/lfw/Brian_Cowen/Brian_Cowen_0001.jpg
8,1107,Dalai_Lama,/Volumes/ML/lfw/Dalai_Lama/Dalai_Lama_0002.jpg
9,2106,Henry_Kissinger,/Volumes/ML/lfw/Henry_Kissinger/Henry_Kissinger_0001.jpg
10,2187,Hussein_Malik,/Volumes/ML/lfw/Hussein_Malik/Hussein_Malik_0001.jpg
11,4212,Patricia_Johnson,/Volumes/ML/lfw/Patricia_Johnson/Patricia_Johnson_0001.jpg
12,332,Annette_Lu,/Volumes/ML/lfw/Annette_Lu/Annette_Lu_0001.jpg
13,3200,Laszlo_Kovacs,/Volumes/ML/lfw/Laszlo_Kovacs/Laszlo_Kovacs_0001.jpg
14,475,Ben_Braun,/Volumes/ML/lfw/Ben_Braun/Ben_Braun_0001.jpg
15,4414,Pinar_del_Rio,/Volumes/ML/lfw/Pinar_del_Rio/Pinar_del_Rio_0001.jpg
16,2307,James_Becker,/Volumes/ML/lfw/James_Becker/James_Becker_0001.jpg
17,1710,Fiona_Milne,/Volumes/ML/lfw/Fiona_Milne/Fiona_Milne_0001.jpg
18,2663,Joe_Mendes,/Volumes/ML/lfw/Joe_Mendes/Joe_Mendes_0001.jpg
19,5138,Steve_Coterill,/Volumes/ML/lfw/Steve_Coterill/Steve_Coterill_0001.jpg
20,263,Andres_Manuel_Lopez_Obrador,/Volumes/ML/lfw/Andres_Manuel_Lopez_Obrador/Andres_Manuel_Lopez_Obrador_0001.jpg
21,1960,Graeme_Lloyd,/Volumes/ML/lfw/Graeme_Lloyd/Graeme_Lloyd_0001.jpg
22,4917,Sarah_Michelle_Gellar,/Volumes/ML/lfw/Sarah_Michelle_Gellar/Sarah_Michelle_Gellar_0002.jpg
23,2653,Joe_Dumars,/Volumes/ML/lfw/Joe_Dumars/Joe_Dumars_0002.jpg
24,2557,Jesse_Jackson,/Volumes/ML/lfw/Jesse_Jackson/Jesse_Jackson_0006.jpg
25,4012,Naomi_Hayashi,/Volumes/ML/lfw/Naomi_Hayashi/Naomi_Hayashi_0001.jpg
26,5195,Surya_Bahadur_Thapa,/Volumes/ML/lfw/Surya_Bahadur_Thapa/Surya_Bahadur_Thapa_0001.jpg
27,1515,El_Hadji_Diouf,/Volumes/ML/lfw/El_Hadji_Diouf/El_Hadji_Diouf_0001.jpg
28,2659,Joe_Leonard,/Volumes/ML/lfw/Joe_Leonard/Joe_Leonard_0001.jpg
29,1184,Daryl_Jones,/Volumes/ML/lfw/Daryl_Jones/Daryl_Jones_0001.jpg
30,4354,Peter_Harvey,/Volumes/ML/lfw/Peter_Harvey/Peter_Harvey_0001.jpg
31,382,Arnaud_Clement,/Volumes/ML/lfw/Arnaud_Clement/Arnaud_Clement_0002.jpg
32,3785,Michael_Munoz,/Volumes/ML/lfw/Michael_Munoz/Michael_Munoz_0001.jpg
33,4443,Princess_Stephanie,/Volumes/ML/lfw/Princess_Stephanie/Princess_Stephanie_0001.jpg
34,2755,John_Prescott,/Volumes/ML/lfw/John_Prescott/John_Prescott_0001.jpg
35,1194,Dave_McNally,/Volumes/ML/lfw/Dave_McNally/Dave_McNally_0001.jpg
36,505,Bernard_Siegel,/Volumes/ML/lfw/Bernard_Siegel/Bernard_Siegel_0001.jpg
37,2099,Henk_Bekedam,/Volumes/ML/lfw/Henk_Bekedam/Henk_Bekedam_0001.jpg
38,2115,Herman_Moore,/Volumes/ML/lfw/Herman_Moore/Herman_Moore_0001.jpg
39,3230,Lawrence_Roberts,/Volumes/ML/lfw/Lawrence_Roberts/Lawrence_Roberts_0001.jpg
40,1622,Eriko_Tamura,/Volumes/ML/lfw/Eriko_Tamura/Eriko_Tamura_0001.jpg
41,1274,David_Zeplowitz,/Volumes/ML/lfw/David_Zeplowitz/David_Zeplowitz_0001.jpg
42,4166,Osrat_Iosef,/Volumes/ML/lfw/Osrat_Iosef/Osrat_Iosef_0001.jpg
43,3979,Mstislav_Rostropovich,/Volumes/ML/lfw/Mstislav_Rostropovich/Mstislav_Rostropovich_0001.jpg
44,349,Anthony_Pisciotti,/Volumes/ML/lfw/Anthony_Pisciotti/Anthony_Pisciotti_0001.jpg
45,1393,Don_Meredith,/Volumes/ML/lfw/Don_Meredith/Don_Meredith_0001.jpg
46,2838,Jose_Dirceu,/Volumes/ML/lfw/Jose_Dirceu/Jose_Dirceu_0001.jpg
47,2592,Jim_Hendry,/Volumes/ML/lfw/Jim_Hendry/Jim_Hendry_0001.jpg
48,1412,Donna_Shalala,/Volumes/ML/lfw/Donna_Shalala/Donna_Shalala_0002.jpg
49,3071,Kevin_Marshall,/Volumes/ML/lfw/Kevin_Marshall/Kevin_Marshall_0001.jpg
50,3587,Marquis_Estill,/Volumes/ML/lfw/Marquis_Estill/Marquis_Estill_0001.jpg
51,4093,Nida_Blanca,/Volumes/ML/lfw/Nida_Blanca/Nida_Blanca_0001.jpg
52,2135,Himmler_Rebu,/Volumes/ML/lfw/Himmler_Rebu/Himmler_Rebu_0001.jpg
53,4247,Paul_Cerjan,/Volumes/ML/lfw/Paul_Cerjan/Paul_Cerjan_0001.jpg
54,998,Chung_Mong-hun,/Volumes/ML/lfw/Chung_Mong-hun/Chung_Mong-hun_0002.jpg
55,1126,Dan_Morales,/Volumes/ML/lfw/Dan_Morales/Dan_Morales_0002.jpg
56,2705,John_Eder,/Volumes/ML/lfw/John_Eder/John_Eder_0001.jpg
57,1780,Freddy_Vasques_Kinchokpe,/Volumes/ML/lfw/Freddy_Vasques_Kinchokpe/Freddy_Vasques_Kinchokpe_0001.jpg
58,2853,Jose_Serra,/Volumes/ML/lfw/Jose_Serra/Jose_Serra_0004.jpg
59,5695,Yishan_Zhang,/Volumes/ML/lfw/Yishan_Zhang/Yishan_Zhang_0001.jpg
60,3940,Mohammad_Fares,/Volumes/ML/lfw/Mohammad_Fares/Mohammad_Fares_0001.jpg
61,4496,Ralph_Friedgen,/Volumes/ML/lfw/Ralph_Friedgen/Ralph_Friedgen_0001.jpg
62,3658,Masao_Azuma,/Volumes/ML/lfw/Masao_Azuma/Masao_Azuma_0001.jpg
63,434,BJ_Habibie,/Volumes/ML/lfw/BJ_Habibie/BJ_Habibie_0001.jpg
64,1219,David_Carradine,/Volumes/ML/lfw/David_Carradine/David_Carradine_0001.jpg
65,36,Adam_Rich,/Volumes/ML/lfw/Adam_Rich/Adam_Rich_0001.jpg
66,5034,Sidney_Poitier,/Volumes/ML/lfw/Sidney_Poitier/Sidney_Poitier_0001.jpg
67,445,Barbara_Felt-Miller,/Volumes/ML/lfw/Barbara_Felt-Miller/Barbara_Felt-Miller_0001.jpg
68,2061,Harvey_Fierstein,/Volumes/ML/lfw/Harvey_Fierstein/Harvey_Fierstein_0001.jpg
69,444,Barbara_Esbin,/Volumes/ML/lfw/Barbara_Esbin/Barbara_Esbin_0001.jpg
70,4769,Roger_Staubach,/Volumes/ML/lfw/Roger_Staubach/Roger_Staubach_0001.jpg
71,2574,Jim_Anderson,/Volumes/ML/lfw/Jim_Anderson/Jim_Anderson_0001.jpg
72,3301,Li_Ka-shing,/Volumes/ML/lfw/Li_Ka-shing/Li_Ka-shing_0001.jpg
73,4214,Patricia_Phillips,/Volumes/ML/lfw/Patricia_Phillips/Patricia_Phillips_0001.jpg
74,1589,Enrica_Fico,/Volumes/ML/lfw/Enrica_Fico/Enrica_Fico_0001.jpg
75,3379,Luciano_Bovicelli,/Volumes/ML/lfw/Luciano_Bovicelli/Luciano_Bovicelli_0001.jpg
76,4393,Philip_Murtaugh,/Volumes/ML/lfw/Philip_Murtaugh/Philip_Murtaugh_0001.jpg
77,1929,Glenn_Plummer,/Volumes/ML/lfw/Glenn_Plummer/Glenn_Plummer_0001.jpg
78,3596,Martha_Lucia_Ramirez,/Volumes/ML/lfw/Martha_Lucia_Ramirez/Martha_Lucia_Ramirez_0001.jpg
79,3893,Mikhail_Youzhny,/Volumes/ML/lfw/Mikhail_Youzhny/Mikhail_Youzhny_0001.jpg
80,502,Bernard_Landry,/Volumes/ML/lfw/Bernard_Landry/Bernard_Landry_0001.jpg
81,1813,Gary_Coleman,/Volumes/ML/lfw/Gary_Coleman/Gary_Coleman_0001.jpg
82,4130,Nur_Jaafar,/Volumes/ML/lfw/Nur_Jaafar/Nur_Jaafar_0001.jpg
83,4958,Sebastian_Saja,/Volumes/ML/lfw/Sebastian_Saja/Sebastian_Saja_0003.jpg
84,1312,Dennis_Oswald,/Volumes/ML/lfw/Dennis_Oswald/Dennis_Oswald_0001.jpg
85,3498,Maria_Shkolnikova,/Volumes/ML/lfw/Maria_Shkolnikova/Maria_Shkolnikova_0001.jpg
86,1440,Duane_Barber,/Volumes/ML/lfw/Duane_Barber/Duane_Barber_0001.jpg
87,2151,Horace_Newcomb,/Volumes/ML/lfw/Horace_Newcomb/Horace_Newcomb_0001.jpg
88,4727,Roberto_Lavagna,/Volumes/ML/lfw/Roberto_Lavagna/Roberto_Lavagna_0001.jpg
89,900,Chawki_Armali,/Volumes/ML/lfw/Chawki_Armali/Chawki_Armali_0001.jpg
90,2367,Jamie_Kellner,/Volumes/ML/lfw/Jamie_Kellner/Jamie_Kellner_0001.jpg
91,662,Brawley_King,/Volumes/ML/lfw/Brawley_King/Brawley_King_0001.jpg
92,5478,Tracee_Treadwell,/Volumes/ML/lfw/Tracee_Treadwell/Tracee_Treadwell_0001.jpg
93,3285,Lesia_Burlak,/Volumes/ML/lfw/Lesia_Burlak/Lesia_Burlak_0001.jpg
94,4525,Raul_Chacon,/Volumes/ML/lfw/Raul_Chacon/Raul_Chacon_0001.jpg
95,269,Andrew_Fastow,/Volumes/ML/lfw/Andrew_Fastow/Andrew_Fastow_0001.jpg
96,106,Albaro_Recoba,/Volumes/ML/lfw/Albaro_Recoba/Albaro_Recoba_0001.jpg
97,2029,Hamid_Reza_Asefi,/Volumes/ML/lfw/Hamid_Reza_Asefi/Hamid_Reza_Asefi_0001.jpg
98,5501,Tyler_Grillo,/Volumes/ML/lfw/Tyler_Grillo/Tyler_Grillo_0001.jpg
99,1431,Douglas_Faneuil,/Volumes/ML/lfw/Douglas_Faneuil/Douglas_Faneuil_0001.jpg
100,2194,Ian_Gillan,/Volumes/ML/lfw/Ian_Gillan/Ian_Gillan_0001.jpg
101,934,Chris_Cookson,/Volumes/ML/lfw/Chris_Cookson/Chris_Cookson_0001.jpg
102,4148,Omar_Khan_Sharif,/Volumes/ML/lfw/Omar_Khan_Sharif/Omar_Khan_Sharif_0001.jpg
103,951,Chris_Rock,/Volumes/ML/lfw/Chris_Rock/Chris_Rock_0001.jpg
104,4636,Rick_Reed,/Volumes/ML/lfw/Rick_Reed/Rick_Reed_0001.jpg
105,5689,Yasser_Arafat,/Volumes/ML/lfw/Yasser_Arafat/Yasser_Arafat_0008.jpg
106,2853,Jose_Serra,/Volumes/ML/lfw/Jose_Serra/Jose_Serra_0004.jpg
107,1857,George_Karl,/Volumes/ML/lfw/George_Karl/George_Karl_0001.jpg
108,1767,Franz_Fischler,/Volumes/ML/lfw/Franz_Fischler/Franz_Fischler_0004.jpg
109,696,Brian_Pavlich,/Volumes/ML/lfw/Brian_Pavlich/Brian_Pavlich_0001.jpg
110,404,Ashley_Judd,/Volumes/ML/lfw/Ashley_Judd/Ashley_Judd_0001.jpg
111,2189,Hwang_Doo-yun,/Volumes/ML/lfw/Hwang_Doo-yun/Hwang_Doo-yun_0001.jpg
112,5358,Tim_Chapman,/Volumes/ML/lfw/Tim_Chapman/Tim_Chapman_0001.jpg
113,2806,Jonathan_Arden,/Volumes/ML/lfw/Jonathan_Arden/Jonathan_Arden_0001.jpg
114,1765,Franko_Simatovic,/Volumes/ML/lfw/Franko_Simatovic/Franko_Simatovic_0001.jpg
115,1105,Daisy_Fuentes,/Volumes/ML/lfw/Daisy_Fuentes/Daisy_Fuentes_0001.jpg
116,5539,Veronica_Lake,/Volumes/ML/lfw/Veronica_Lake/Veronica_Lake_0001.jpg
117,5487,Tristan_Gretzky,/Volumes/ML/lfw/Tristan_Gretzky/Tristan_Gretzky_0001.jpg
118,2113,Herbie_Hancock,/Volumes/ML/lfw/Herbie_Hancock/Herbie_Hancock_0001.jpg
119,928,Chris_Andrews,/Volumes/ML/lfw/Chris_Andrews/Chris_Andrews_0001.jpg
120,1033,Clifford_Robinson,/Volumes/ML/lfw/Clifford_Robinson/Clifford_Robinson_0001.jpg
121,3383,Lucio_Cecchinello,/Volumes/ML/lfw/Lucio_Cecchinello/Lucio_Cecchinello_0001.jpg
122,1291,Deena_Burnett,/Volumes/ML/lfw/Deena_Burnett/Deena_Burnett_0001.jpg
123,340,Anthony_Ervin,/Volumes/ML/lfw/Anthony_Ervin/Anthony_Ervin_0001.jpg
124,696,Brian_Pavlich,/Volumes/ML/lfw/Brian_Pavlich/Brian_Pavlich_0001.jpg
125,3697,Max_Mosley,/Volumes/ML/lfw/Max_Mosley/Max_Mosley_0001.jpg
126,3582,Markus_Beyer,/Volumes/ML/lfw/Markus_Beyer/Markus_Beyer_0001.jpg
127,870,Charles_Cope,/Volumes/ML/lfw/Charles_Cope/Charles_Cope_0001.jpg
128,1579,Emma_Watson,/Volumes/ML/lfw/Emma_Watson/Emma_Watson_0005.jpg
129,1662,Evie_Lazarou,/Volumes/ML/lfw/Evie_Lazarou/Evie_Lazarou_0001.jpg
130,217,Amanda_Coetzer,/Volumes/ML/lfw/Amanda_Coetzer/Amanda_Coetzer_0002.jpg
131,2708,John_Engler,/Volumes/ML/lfw/John_Engler/John_Engler_0001.jpg
132,3570,Mark_Redman,/Volumes/ML/lfw/Mark_Redman/Mark_Redman_0001.jpg
133,5717,Yusuf_Misbac,/Volumes/ML/lfw/Yusuf_Misbac/Yusuf_Misbac_0001.jpg
134,5527,Valerie_Thwaites,/Volumes/ML/lfw/Valerie_Thwaites/Valerie_Thwaites_0001.jpg
135,2354,James_Smith,/Volumes/ML/lfw/James_Smith/James_Smith_0001.jpg
136,202,Allison_Janney,/Volumes/ML/lfw/Allison_Janney/Allison_Janney_0002.jpg
137,515,Bettina_Rheims,/Volumes/ML/lfw/Bettina_Rheims/Bettina_Rheims_0001.jpg
138,1568,Emelie_Loit,/Volumes/ML/lfw/Emelie_Loit/Emelie_Loit_0001.jpg
139,4008,Nancy_Smith,/Volumes/ML/lfw/Nancy_Smith/Nancy_Smith_0001.jpg
140,4991,Shanna_Zolman,/Volumes/ML/lfw/Shanna_Zolman/Shanna_Zolman_0001.jpg
141,3025,Keith_Snyder,/Volumes/ML/lfw/Keith_Snyder/Keith_Snyder_0001.jpg
142,2903,Judith_Nathan,/Volumes/ML/lfw/Judith_Nathan/Judith_Nathan_0001.jpg
143,4785,Roman_Polanski,/Volumes/ML/lfw/Roman_Polanski/Roman_Polanski_0002.jpg
144,1925,Glafcos_Clerides,/Volumes/ML/lfw/Glafcos_Clerides/Glafcos_Clerides_0002.jpg
145,247,Anders_Fogh_Rasmussen,/Volumes/ML/lfw/Anders_Fogh_Rasmussen/Anders_Fogh_Rasmussen_0004.jpg
146,3019,Keith_Foulke,/Volumes/ML/lfw/Keith_Foulke/Keith_Foulke_0001.jpg
147,3943,Mohammad_Mustapha_Miro,/Volumes/ML/lfw/Mohammad_Mustapha_Miro/Mohammad_Mustapha_Miro_0001.jpg
148,5072,Stacey_Yamaguchi,/Volumes/ML/lfw/Stacey_Yamaguchi/Stacey_Yamaguchi_0001.jpg
149,2255,Iva_Majoli,/Volumes/ML/lfw/Iva_Majoli/Iva_Majoli_0002.jpg
150,4930,Scott_Hamilton,/Volumes/ML/lfw/Scott_Hamilton/Scott_Hamilton_0001.jpg
151,4154,Oracene_Williams,/Volumes/ML/lfw/Oracene_Williams/Oracene_Williams_0001.jpg
152,4679,Robert_Downey_Jr,/Volumes/ML/lfw/Robert_Downey_Jr/Robert_Downey_Jr_0001.jpg
153,5223,Sylvie_Guillem,/Volumes/ML/lfw/Sylvie_Guillem/Sylvie_Guillem_0001.jpg
154,873,Charles_Ingram,/Volumes/ML/lfw/Charles_Ingram/Charles_Ingram_0001.jpg
155,2864,Joseph_Ganim,/Volumes/ML/lfw/Joseph_Ganim/Joseph_Ganim_0001.jpg
156,3694,Max_Baucus,/Volumes/ML/lfw/Max_Baucus/Max_Baucus_0001.jpg
157,3582,Markus_Beyer,/Volumes/ML/lfw/Markus_Beyer/Markus_Beyer_0001.jpg
158,3513,Marie-Josee_Croze,/Volumes/ML/lfw/Marie-Josee_Croze/Marie-Josee_Croze_0001.jpg
159,1908,Gil_Cates,/Volumes/ML/lfw/Gil_Cates/Gil_Cates_0001.jpg
160,1159,Danny_Ainge,/Volumes/ML/lfw/Danny_Ainge/Danny_Ainge_0001.jpg
161,828,Catherine_Deneuve,/Volumes/ML/lfw/Catherine_Deneuve/Catherine_Deneuve_0005.jpg
162,3270,Lenny_Kravitz,/Volumes/ML/lfw/Lenny_Kravitz/Lenny_Kravitz_0001.jpg
163,3399,Luis_Rosario_Huertas,/Volumes/ML/lfw/Luis_Rosario_Huertas/Luis_Rosario_Huertas_0001.jpg
164,1371,Dionne_Warwick,/Volumes/ML/lfw/Dionne_Warwick/Dionne_Warwick_0001.jpg
165,594,Bob_Crippen,/Volumes/ML/lfw/Bob_Crippen/Bob_Crippen_0001.jpg
166,5087,Stefanie_De_Roux,/Volumes/ML/lfw/Stefanie_De_Roux/Stefanie_De_Roux_0001.jpg
167,296,Anette_Hosoi,/Volumes/ML/lfw/Anette_Hosoi/Anette_Hosoi_0001.jpg
168,3120,Kirsten_Dunst,/Volumes/ML/lfw/Kirsten_Dunst/Kirsten_Dunst_0001.jpg
169,2745,John_Moxley,/Volumes/ML/lfw/John_Moxley/John_Moxley_0001.jpg
170,2907,Judy_Spreckels,/Volumes/ML/lfw/Judy_Spreckels/Judy_Spreckels_0001.jpg
171,5684,Yannos_Papantoniou,/Volumes/ML/lfw/Yannos_Papantoniou/Yannos_Papantoniou_0001.jpg
172,1155,Daniele_Nardello,/Volumes/ML/lfw/Daniele_Nardello/Daniele_Nardello_0001.jpg
173,3652,Mary_Sue_Coleman,/Volumes/ML/lfw/Mary_Sue_Coleman/Mary_Sue_Coleman_0001.jpg
174,1213,David_Braley,/Volumes/ML/lfw/David_Braley/David_Braley_0001.jpg
175,4557,Reggie_Sanders,/Volumes/ML/lfw/Reggie_Sanders/Reggie_Sanders_0001.jpg
176,2767,John_Scarlett,/Volumes/ML/lfw/John_Scarlett/John_Scarlett_0001.jpg
177,3323,Linda_Ham,/Volumes/ML/lfw/Linda_Ham/Linda_Ham_0001.jpg
178,4125,Normand_Legault,/Volumes/ML/lfw/Normand_Legault/Normand_Legault_0001.jpg
179,741,Byron_Scott,/Volumes/ML/lfw/Byron_Scott/Byron_Scott_0001.jpg
180,524,Bill_Belichick,/Volumes/ML/lfw/Bill_Belichick/Bill_Belichick_0001.jpg
181,3002,Katie_Harman,/Volumes/ML/lfw/Katie_Harman/Katie_Harman_0001.jpg
182,408,Ashraf_Ghani,/Volumes/ML/lfw/Ashraf_Ghani/Ashraf_Ghani_0001.jpg
183,266,Andrew_Bunner,/Volumes/ML/lfw/Andrew_Bunner/Andrew_Bunner_0002.jpg
184,3984,Muhammad_Ibrahim_Bilal,/Volumes/ML/lfw/Muhammad_Ibrahim_Bilal/Muhammad_Ibrahim_Bilal_0001.jpg
185,3314,Lima_Azimi,/Volumes/ML/lfw/Lima_Azimi/Lima_Azimi_0001.jpg
186,4629,Rick_Carlisle,/Volumes/ML/lfw/Rick_Carlisle/Rick_Carlisle_0004.jpg
187,2098,Helo_Pinheiro,/Volumes/ML/lfw/Helo_Pinheiro/Helo_Pinheiro_0001.jpg
188,344,Anthony_Hopkins,/Volumes/ML/lfw/Anthony_Hopkins/Anthony_Hopkins_0002.jpg
189,2086,Heidi_Klum,/Volumes/ML/lfw/Heidi_Klum/Heidi_Klum_0001.jpg
190,1275,Davis_Love_III,/Volumes/ML/lfw/Davis_Love_III/Davis_Love_III_0001.jpg
191,616,Bob_Stoops,/Volumes/ML/lfw/Bob_Stoops/Bob_Stoops_0007.jpg
192,2871,Joseph_Safra,/Volumes/ML/lfw/Joseph_Safra/Joseph_Safra_0001.jpg
193,4704,Robert_Pollack,/Volumes/ML/lfw/Robert_Pollack/Robert_Pollack_0001.jpg
194,2699,John_Dallager,/Volumes/ML/lfw/John_Dallager/John_Dallager_0001.jpg
195,1343,Diane_Lane,/Volumes/ML/lfw/Diane_Lane/Diane_Lane_0001.jpg
196,1652,Eva_Herzigova,/Volumes/ML/lfw/Eva_Herzigova/Eva_Herzigova_0001.jpg
197,2268,JT_Snow,/Volumes/ML/lfw/JT_Snow/JT_Snow_0001.jpg
198,2805,Jon_Voight,/Volumes/ML/lfw/Jon_Voight/Jon_Voight_0001.jpg
199,663,Brenda_Magana,/Volumes/ML/lfw/Brenda_Magana/Brenda_Magana_0001.jpg
